{
    "counter": {
        "ACTIVE": 4551,
        "INACTIVE": 2536,
        "INVALID": 1,
        "MALICIOUS": 0,
        "SANE": 0,
        "VALID": 0,
        "total": 7088
    },
    "percentage": {
        "ACTIVE": 64.20711060948081,
        "INACTIVE": 35.77878103837472,
        "INVALID": 0.014108352144469526,
        "MALICIOUS": 0.0,
        "SANE": 0.0,
        "VALID": 0.0,
        "total": 100.0
    }
}