{
    "counter": {
        "ACTIVE": 2252,
        "INACTIVE": 1325,
        "INVALID": 1,
        "MALICIOUS": 0,
        "SANE": 0,
        "VALID": 0,
        "total": 3578
    },
    "percentage": {
        "ACTIVE": 62.940190050307436,
        "INACTIVE": 37.03186137506987,
        "INVALID": 0.027948574622694244,
        "MALICIOUS": 0.0,
        "SANE": 0.0,
        "VALID": 0.0,
        "total": 100.0
    }
}