{
    "counter": {
        "ACTIVE": 266,
        "INACTIVE": 87,
        "INVALID": 0,
        "MALICIOUS": 0,
        "SANE": 0,
        "VALID": 0,
        "total": 353
    },
    "percentage": {
        "ACTIVE": 75.35410764872522,
        "INACTIVE": 24.71590909090909,
        "INVALID": 0,
        "MALICIOUS": 0,
        "SANE": 0,
        "VALID": 0,
        "total": 100.07001673963431
    }
}